{"stats":{"minecraft:mined":{"minecraft:grass":4,"immersive_weathering:acacia_leaf_pile":4,"treechop:chopped_log":2},"minecraft:crafted":{"minecraft:air":24},"minecraft:picked_up":{"hexerei:sage_seed":2,"minecraft:stick":6,"epicfight:stone_greatsword":1,"alexsmobs:acacia_blossom":1,"minecraft:acacia_log":13,"paraglider:spirit_orb":1,"minecraft:acacia_sapling":7},"minecraft:custom":{"minecraft:deaths":3,"minecraft:time_since_rest":27,"minecraft:damage_absorbed":538,"minecraft:crouch_one_cm":2559,"minecraft:play_time":16661,"champions:champion_mobs_killed":1,"minecraft:sprint_one_cm":25950,"minecraft:damage_taken":735,"minecraft:walk_one_cm":181822,"minecraft:sneak_time":285,"minecraft:mob_kills":1,"minecraft:drop":1,"minecraft:jump":154,"minecraft:damage_dealt":816,"minecraft:leave_game":1,"minecraft:time_since_death":25,"minecraft:total_world_time":16661,"minecraft:fall_one_cm":2357,"minecraft:fly_one_cm":16956,"minecraft:player_kills":3},"minecraft:killed":{"dannys_expansion:ghoul":1},"minecraft:used":{"minecraft:bread":1,"epicfight:stone_greatsword":11},"minecraft:dropped":{"epicfight:stone_greatsword":1},"minecraft:killed_by":{"minecraft:player":3}},"DataVersion":2975}