{"stats":{"minecraft:mined":{"minecraft:grass":4,"immersive_weathering:acacia_leaf_pile":4,"minecraft:stone":7,"treechop:chopped_log":2},"minecraft:crafted":{"minecraft:wooden_pickaxe":1,"minecraft:air":24},"minecraft:picked_up":{"minecraft:stick":6,"hexerei:sage_seed":2,"epicfight:stone_greatsword":3,"alexsmobs:acacia_blossom":1,"minecraft:acacia_log":13,"paraglider:spirit_orb":1,"minecraft:acacia_sapling":7,"minecraft:cobblestone":7},"minecraft:custom":{"minecraft:time_since_rest":6582,"minecraft:damage_absorbed":538,"minecraft:crouch_one_cm":2559,"minecraft:play_time":23216,"champions:champion_mobs_killed":1,"minecraft:sprint_one_cm":37127,"minecraft:deaths":3,"minecraft:damage_taken":775,"minecraft:walk_one_cm":254431,"minecraft:sneak_time":285,"minecraft:mob_kills":1,"minecraft:drop":3,"minecraft:jump":277,"minecraft:damage_dealt":816,"minecraft:leave_game":1,"minecraft:time_since_death":6580,"minecraft:total_world_time":23216,"minecraft:interact_with_crafting_table":2,"minecraft:fall_one_cm":3016,"minecraft:fly_one_cm":25929,"minecraft:player_kills":3},"minecraft:killed":{"dannys_expansion:ghoul":1},"minecraft:used":{"minecraft:bread":2,"minecraft:wooden_pickaxe":7,"epicfight:stone_greatsword":11},"minecraft:dropped":{"epicfight:stone_greatsword":3},"minecraft:killed_by":{"minecraft:player":3}},"DataVersion":2975}