{"stats":{"minecraft:dropped":{"epicfight:stone_greatsword":4},"minecraft:used":{"minecraft:bread":3,"minecraft:stone_pickaxe":9,"minecraft:wooden_pickaxe":7,"epicfight:stone_greatsword":20},"minecraft:killed":{"minecraft:sheep":3,"dannys_expansion:floam":1,"dannys_expansion:ghoul":1},"minecraft:crafted":{"minecraft:wooden_pickaxe":1,"minecraft:stone_pickaxe":1,"minecraft:white_bed":1,"minecraft:air":24},"minecraft:custom":{"minecraft:time_since_rest":18351,"champions:champion_mobs_killed":1,"minecraft:sprint_one_cm":72442,"minecraft:walk_one_cm":427543,"minecraft:damage_taken":1155,"minecraft:damage_absorbed":538,"minecraft:mob_kills":6,"minecraft:drop":4,"minecraft:damage_dealt":1497,"minecraft:swim_one_cm":940,"minecraft:interact_with_crafting_table":4,"minecraft:talked_to_villager":1,"minecraft:fly_one_cm":55570,"minecraft:player_kills":3,"minecraft:crouch_one_cm":2621,"minecraft:play_time":50286,"minecraft:deaths":4,"minecraft:sneak_time":377,"minecraft:walk_under_water_one_cm":80,"minecraft:jump":561,"minecraft:leave_game":1,"minecraft:walk_on_water_one_cm":674,"minecraft:time_since_death":18310,"minecraft:total_world_time":50286,"minecraft:fall_one_cm":6108},"minecraft:picked_up":{"minecraft:stick":6,"epicfight:stone_greatsword":4,"alexsmobs:acacia_blossom":1,"minecraft:acacia_log":13,"paraglider:spirit_orb":1,"hexerei:sage_seed":2,"dannys_expansion:yellow_spores":1,"minecraft:mutton":3,"minecraft:acacia_sapling":7,"minecraft:white_wool":3,"minecraft:cobblestone":16},"minecraft:killed_by":{"minecraft:player":3,"minecraft:wither_skeleton":1},"minecraft:mined":{"immersive_weathering:acacia_leaf_pile":4,"treechop:chopped_log":2,"minecraft:grass":5,"minecraft:tall_grass":1,"minecraft:stone":16}},"DataVersion":2975}