{"stats":{"minecraft:mined":{"treechop:chopped_log":2,"minecraft:crafting_table":1,"minecraft:grass":9,"minecraft:grass_block":1,"minecraft:coal_ore":4,"minecraft:dirt":1,"minecraft:stone":46},"minecraft:crafted":{"minecraft:crafting_table":1,"minecraft:stick":12,"minecraft:wooden_pickaxe":1,"minecraft:stone_pickaxe":1,"minecraft:wooden_axe":1,"minecraft:air":72},"minecraft:picked_up":{"minecraft:crafting_table":1,"alexsmobs:acacia_blossom":2,"minecraft:acacia_log":18,"paraglider:spirit_orb":1,"minecraft:dirt":2,"minecraft:wheat_seeds":2,"minecraft:mutton":5,"minecraft:acacia_sapling":3,"minecraft:coal":4,"minecraft:white_wool":3,"minecraft:cobblestone":44},"minecraft:custom":{"minecraft:time_since_rest":15015,"minecraft:sprint_one_cm":60923,"minecraft:damage_taken":608,"minecraft:walk_one_cm":85343,"minecraft:mob_kills":3,"minecraft:drop":12,"minecraft:damage_dealt":877,"minecraft:player_kills":3,"minecraft:damage_dealt_absorbed":42,"minecraft:interact_with_crafting_table":3,"minecraft:fly_one_cm":48532,"minecraft:play_time":21120,"minecraft:deaths":3,"minecraft:jump":221,"minecraft:time_since_death":14974,"minecraft:walk_on_water_one_cm":1468,"minecraft:total_world_time":21120,"minecraft:fall_one_cm":4364},"minecraft:killed":{"minecraft:sheep":3},"minecraft:used":{"minecraft:wooden_axe":11,"minecraft:stone_pickaxe":32,"minecraft:wooden_pickaxe":18,"minecraft:torch":5,"minecraft:crafting_table":2,"epicfight:uchigatana":43},"minecraft:dropped":{"minecraft:dirt":2,"minecraft:wheat_seeds":2,"alexsmobs:acacia_blossom":2,"minecraft:acacia_sapling":3,"minecraft:wooden_pickaxe":1,"minecraft:acacia_log":4},"minecraft:killed_by":{"minecraft:player":3}},"DataVersion":2975}