{"stats":{"minecraft:mined":{"minecraft:grass":1,"minecraft:coal_ore":4,"minecraft:stone":29,"minecraft:crafting_table":1,"treechop:chopped_log":1},"minecraft:crafted":{"minecraft:stone_pickaxe":1,"minecraft:crafting_table":1,"minecraft:wooden_pickaxe":1,"minecraft:stick":12,"minecraft:air":36,"minecraft:wooden_axe":1},"minecraft:picked_up":{"minecraft:crafting_table":1,"alexsmobs:acacia_blossom":1,"minecraft:acacia_log":9,"paraglider:spirit_orb":1,"minecraft:coal":4,"minecraft:acacia_sapling":2,"minecraft:cobblestone":27},"minecraft:custom":{"minecraft:time_since_rest":9015,"minecraft:play_time":15120,"minecraft:sprint_one_cm":47612,"minecraft:deaths":3,"minecraft:damage_taken":608,"minecraft:walk_one_cm":67133,"minecraft:drop":8,"minecraft:jump":147,"minecraft:damage_dealt":609,"minecraft:walk_on_water_one_cm":1468,"minecraft:time_since_death":8974,"minecraft:total_world_time":15120,"minecraft:interact_with_crafting_table":3,"minecraft:damage_dealt_absorbed":42,"minecraft:fall_one_cm":3259,"minecraft:fly_one_cm":34904,"minecraft:player_kills":3},"minecraft:used":{"minecraft:torch":5,"minecraft:wooden_axe":1,"minecraft:crafting_table":2,"minecraft:stone_pickaxe":15,"minecraft:wooden_pickaxe":18,"epicfight:uchigatana":23},"minecraft:dropped":{"minecraft:wooden_pickaxe":1,"alexsmobs:acacia_blossom":1,"minecraft:acacia_log":4,"minecraft:acacia_sapling":2},"minecraft:killed_by":{"minecraft:player":3}},"DataVersion":2975}