{"stats":{"minecraft:mined":{"minecraft:grass":1,"treechop:chopped_log":1},"minecraft:picked_up":{"alexsmobs:acacia_blossom":1,"minecraft:acacia_log":9,"paraglider:spirit_orb":1,"minecraft:acacia_sapling":2},"minecraft:custom":{"minecraft:time_since_rest":151,"minecraft:play_time":6256,"minecraft:sprint_one_cm":31867,"minecraft:walk_one_cm":51857,"minecraft:damage_taken":608,"minecraft:deaths":3,"minecraft:drop":7,"minecraft:jump":119,"minecraft:damage_dealt":609,"minecraft:time_since_death":110,"minecraft:walk_on_water_one_cm":1468,"minecraft:total_world_time":6256,"minecraft:damage_dealt_absorbed":42,"minecraft:fall_one_cm":2841,"minecraft:fly_one_cm":28378,"minecraft:player_kills":3},"minecraft:used":{"epicfight:uchigatana":23},"minecraft:dropped":{"alexsmobs:acacia_blossom":1,"minecraft:acacia_log":4,"minecraft:acacia_sapling":2},"minecraft:killed_by":{"minecraft:player":3}},"DataVersion":2975}