{"stats":{"minecraft:killed":{"minecraft:sheep":9},"minecraft:mined":{"treechop:chopped_log":2,"minecraft:crafting_table":1,"minecraft:grass":19,"minecraft:coal_ore":4,"minecraft:grass_block":1,"minecraft:dirt":1,"minecraft:stone":46,"minecraft:oak_leaves":3},"minecraft:picked_up":{"minecraft:crafting_table":1,"alexsmobs:acacia_blossom":2,"minecraft:acacia_log":18,"paraglider:spirit_orb":1,"minecraft:dirt":2,"hexerei:sage_seed":1,"minecraft:wheat_seeds":2,"minecraft:light_gray_wool":1,"minecraft:black_wool":1,"minecraft:mutton":14,"minecraft:acacia_sapling":3,"minecraft:coal":4,"minecraft:white_wool":7,"minecraft:cobblestone":44},"minecraft:killed_by":{"minecraft:player":3},"minecraft:used":{"minecraft:wooden_axe":11,"minecraft:bread":2,"minecraft:stone_pickaxe":32,"minecraft:wooden_pickaxe":18,"minecraft:torch":5,"minecraft:crafting_table":2,"epicfight:uchigatana":74},"minecraft:dropped":{"minecraft:dirt":2,"minecraft:wheat_seeds":2,"alexsmobs:acacia_blossom":2,"minecraft:acacia_sapling":3,"minecraft:wooden_pickaxe":1,"minecraft:acacia_log":4},"minecraft:crafted":{"minecraft:crafting_table":1,"minecraft:stick":12,"minecraft:wooden_pickaxe":1,"minecraft:stone_pickaxe":1,"minecraft:wooden_axe":1,"minecraft:air":72},"minecraft:custom":{"minecraft:time_since_rest":17308,"minecraft:sprint_one_cm":71950,"minecraft:damage_taken":678,"minecraft:walk_one_cm":100623,"minecraft:mob_kills":9,"minecraft:drop":12,"minecraft:damage_dealt":1359,"minecraft:player_kills":3,"minecraft:damage_dealt_absorbed":42,"minecraft:interact_with_crafting_table":3,"minecraft:fly_one_cm":62176,"minecraft:play_time":23413,"minecraft:deaths":3,"minecraft:walk_under_water_one_cm":295,"minecraft:jump":285,"minecraft:time_since_death":17267,"minecraft:walk_on_water_one_cm":5253,"minecraft:total_world_time":23413,"minecraft:fall_one_cm":6920}},"DataVersion":2975}