{"stats":{"minecraft:dropped":{"magistuarmory:wood_morgenstern":2},"minecraft:used":{"minecraft:stone_axe":1,"minecraft:crafting_table":1,"minecraft:bread":1,"minecraft:stone_pickaxe":47,"minecraft:wooden_pickaxe":3,"minecraft:shield":2,"magistuarmory:wood_morgenstern":10},"minecraft:killed":{"minecraft:wither_skeleton":1},"minecraft:crafted":{"minecraft:stone_sword":1,"minecraft:stone_axe":1,"minecraft:crafting_table":1,"minecraft:stick":16,"minecraft:wooden_pickaxe":1,"minecraft:air":45,"minecraft:stone_pickaxe":1},"minecraft:custom":{"minecraft:time_since_rest":22295,"minecraft:crouch_one_cm":367,"minecraft:play_time":22295,"champions:champion_mobs_killed":1,"minecraft:sprint_one_cm":17753,"minecraft:damage_taken":114,"minecraft:walk_one_cm":94263,"minecraft:sneak_time":221,"minecraft:damage_blocked_by_shield":30,"minecraft:walk_under_water_one_cm":144,"minecraft:drop":2,"minecraft:jump":131,"minecraft:damage_dealt":63,"minecraft:walk_on_water_one_cm":640,"minecraft:time_since_death":22295,"minecraft:total_world_time":22295,"minecraft:swim_one_cm":1255,"minecraft:fall_one_cm":1975,"minecraft:interact_with_crafting_table":5,"minecraft:fly_one_cm":8420},"minecraft:picked_up":{"minecraft:crafting_table":1,"minecraft:bone":1,"alexsmobs:acacia_blossom":1,"minecraft:acacia_log":6,"magistuarmory:wood_morgenstern":2,"minecraft:coal":10,"minecraft:cobblestone":40},"minecraft:mined":{"minecraft:grass":8,"minecraft:coal_ore":10,"minecraft:stone":40,"treechop:chopped_log":1,"minecraft:crafting_table":1}},"DataVersion":2975}